{"episode_rewards": [78.69999999999938, 66.24999999999967, 66.69999999999992, 85.44999999999919, 76.29999999999973, 66.7499999999997, 65.49999999999963, 70.74999999999967, 74.39999999999931, 58.14999999999965, 64.19999999999962, 65.99999999999974, 70.19999999999975, 79.74999999999946, 78.84999999999933, 73.69999999999965, 68.7499999999997, 76.0499999999998, 62.749999999999744, 54.39999999999968, 70.89999999999974, 76.84999999999977, 65.19999999999959, 77.64999999999951, 90.44999999999953, 83.89999999999908, 70.74999999999977, 70.99999999999949, 73.9499999999997, 80.19999999999916, 74.64999999999965, 60.9999999999998, 71.09999999999955, 73.14999999999937, 59.65, 63.69999999999976, 72.6499999999996, 80.84999999999954, 61.79999999999958, 72.04999999999959, 70.8499999999995, 70.69999999999959, 72.4499999999995, 63.799999999999685, 77.04999999999946, 73.29999999999937, 74.3499999999996, 72.09999999999965, 60.64999999999909, 62.94999999999961, 67.69999999999972, 73.64999999999948, 69.79999999999963, 70.74999999999977, 57.6499999999997, 74.14999999999931, 72.84999999999967, 66.79999999999966, 77.74999999999956, 75.49999999999967, 66.99999999999986, 76.5499999999996, 65.14999999999972, 71.99999999999967, 74.99999999999942, 61.39999999999944, 81.14999999999935, 70.74999999999957, 67.39999999999965, 66.79999999999949, 66.54999999999976, 68.79999999999978, 56.59999999999977, 59.74999999999967, 61.2999999999998, 76.74999999999937, 66.34999999999971, 71.29999999999973, 96.29999999999937, 59.499999999999766, 72.64999999999944, 67.64999999999976, 66.24999999999967, 72.64999999999984, 66.24999999999986, 69.09999999999975, 75.14999999999947, 66.99999999999979, 60.94999999999965, 63.69999999999973, 63.199999999999655, 77.94999999999938, 67.7499999999998, 69.79999999999981, 58.74999999999968, 76.29999999999957, 59.44999999999973, 75.74999999999977, 70.8499999999996, 67.34999999999987], "episode_lengths": [548, 345, 356, 575, 431, 317, 382, 497, 596, 443, 330, 432, 244, 436, 478, 373, 351, 430, 343, 360, 421, 354, 413, 576, 344, 733, 428, 464, 499, 501, 292, 241, 562, 504, 439, 302, 398, 359, 443, 297, 343, 443, 364, 364, 498, 531, 410, 434, 750, 519, 426, 384, 416, 433, 388, 727, 411, 394, 309, 387, 336, 455, 305, 283, 460, 377, 377, 428, 402, 461, 405, 365, 338, 358, 351, 494, 308, 315, 750, 280, 552, 554, 457, 361, 345, 264, 492, 235, 321, 393, 351, 656, 304, 342, 435, 589, 424, 308, 312, 311], "win_rates": [1.0, 1.0, 1.0, 1.0, 1.0, 1.0, 1.0, 1.0, 1.0, 1.0, 1.0, 1.0, 1.0, 1.0, 1.0, 1.0, 1.0, 1.0, 1.0, 1.0, 1.0, 1.0, 1.0, 1.0, 1.0, 1.0, 1.0, 1.0, 1.0, 1.0, 1.0, 1.0, 1.0, 1.0, 1.0, 1.0, 1.0, 1.0, 1.0, 1.0, 1.0, 1.0, 1.0, 1.0, 1.0, 1.0, 1.0, 1.0, 0.9795918367346939, 0.98, 0.9803921568627451, 0.9807692307692307, 0.9811320754716981, 0.9814814814814815, 0.9818181818181818, 0.9821428571428571, 0.9824561403508771, 0.9827586206896551, 0.9830508474576272, 0.9833333333333333, 0.9836065573770492, 0.9838709677419355, 0.9841269841269841, 0.984375, 0.9846153846153847, 0.9848484848484849, 0.9850746268656716, 0.9852941176470589, 0.9855072463768116, 0.9857142857142858, 0.9859154929577465, 0.9861111111111112, 0.9863013698630136, 0.9864864864864865, 0.9866666666666667, 0.9868421052631579, 0.987012987012987, 0.9871794871794872, 0.9873417721518988, 0.9875, 0.9876543209876543, 0.9878048780487805, 0.9879518072289156, 0.9880952380952381, 0.9882352941176471, 0.9883720930232558, 0.9885057471264368, 0.9886363636363636, 0.9887640449438202, 0.9888888888888889, 0.989010989010989, 0.9891304347826086, 0.989247311827957, 0.9893617021276596, 0.9894736842105263, 0.9895833333333334, 0.9896907216494846, 0.9897959183673469, 0.98989898989899, 0.99], "losses": [0.10956737667215975, 0.1187392622988293, 0.12137866677360588, 0.19839925293041313, 0.23784472862487602, 0.2159313182537488, 0.17837423129075486, 0.16387175046042418, 0.16118456378279117, 0.1642632493013453, 0.16888973410382416, 0.19445685462819207, 0.18725991655202184, 0.18317515315881017, 0.18853975450581087, 0.1881493621233641, 0.22369647121582276, 0.2084256448371466, 0.21107453831170112, 0.20498897646450334, 0.20538388042226258, 0.2183989683155623, 0.2139935471279858, 0.2088558910181746, 0.2126907129923618, 0.2073028603464487, 0.2367276776338292, 0.23014681940448695, 0.23026193297637967, 0.225149543089662, 0.2234435059283286, 0.24917392080255563, 0.23796281703744496, 0.2398513900707402, 0.23296361657576573, 0.23832527834255965, 0.26147754127206513, 0.24909502961011318, 0.2508946443922633, 0.2455850683077417, 0.2479320538417591, 0.243065831875828, 0.23922291265002318, 0.24274387034577327, 0.23552919786617937, 0.2361074406829033, 0.2431108745314726, 0.24140465396889893, 0.23594237024585407, 0.23510115309429996, 0.232691075407983, 0.23688369783728072, 0.23708422924391925, 0.2283585441683787, 0.2272994998919288, 0.22446004482706114, 0.23595660894094012, 0.22775996257054623, 0.22513526690141283, 0.22478114443925, 0.21900798269503174, 0.2306481462422308, 0.21664092357529968, 0.2136523362920478, 0.21258536327792252, 0.21566470846810454, 0.21845658340884141, 0.21725922023929725, 0.2087925323354664, 0.2071002512976301, 0.2027608261248212, 0.21616508087066755, 0.21442748837657935, 0.21030574134816338, 0.21146578087001786, 0.214157771530301, 0.22180012468393748, 0.22501967099923936, 0.22070748699704806, 0.22196428424545697, 0.2228316936938875, 0.2268196003585516, 0.2334878382882352, 0.22711009571426793, 0.22612760084262792, 0.2301597125320272, 0.24131738979036246, 0.23518930464348894, 0.23445152969468047, 0.22794906791233227, 0.23114469382073466, 0.24358216516400982, 0.2344769677637439, 0.23677474837641269, 0.2313006044804365, 0.23054663653537658, 0.24708976427901466, 0.23719296950314725, 0.2436142246453808, 0.2427749726502075], "opponent_skills": [0.4, 0.4, 0.4, 0.4, 0.4, 0.4, 0.4, 0.4, 0.4, 0.4, 0.4, 0.4, 0.4, 0.4, 0.4, 0.4, 0.4, 0.4, 0.4, 0.4, 0.4, 0.4, 0.4, 0.4, 0.4, 0.4, 0.4, 0.4, 0.4, 0.4, 0.4, 0.4, 0.4, 0.4, 0.4, 0.4, 0.4, 0.4, 0.4, 0.4, 0.4, 0.4, 0.4, 0.4, 0.4, 0.4, 0.4, 0.4, 0.4, 0.4, 0.4, 0.4, 0.4, 0.4, 0.4, 0.4, 0.4, 0.4, 0.4, 0.4, 0.4, 0.4, 0.4, 0.4, 0.4, 0.4, 0.4, 0.4, 0.4, 0.4, 0.4, 0.4, 0.4, 0.4, 0.4, 0.4, 0.4, 0.4, 0.4, 0.4, 0.4, 0.4, 0.4, 0.4, 0.4, 0.4, 0.4, 0.4, 0.4, 0.4, 0.4, 0.4, 0.4, 0.4, 0.4, 0.4, 0.4, 0.4, 0.4, 0.4], "episode_results": [1, 1, 1, 1, 1, 1, 1, 1, 1, 1, 1, 1, 1, 1, 1, 1, 1, 1, 1, 1, 1, 1, 1, 1, 1, 1, 1, 1, 1, 1, 1, 1, 1, 1, 1, 1, 1, 1, 1, 1, 1, 1, 1, 1, 1, 1, 1, 1, 0, 1, 1, 1, 1, 1, 1, 1, 1, 1, 1, 1, 1, 1, 1, 1, 1, 1, 1, 1, 1, 1, 1, 1, 1, 1, 1, 1, 1, 1, 1, 1, 1, 1, 1, 1, 1, 1, 1, 1, 1, 1, 1, 1, 1, 1, 1, 1, 1, 1, 1, 1]}